{
	"miniprogramRoot": "dist/",
	"projectname": "luWei-taro",
	"description": "卤味",
	"appid": "wxf26f1059f2f9fbf1",
	"setting": {
		"urlCheck": true,
		"es6": false,
		"enhance": false,
		"postcss": false,
		"minified": false,
		"newFeature": true,
		"coverView": true,
		"nodeModules": false,
		"autoAudits": false,
		"checkInvalidKey": true,
		"checkSiteMap": true,
		"uploadWithSourceMap": true,
		"babelSetting": {
			"ignore": [],
			"disablePlugins": [],
			"outputPath": ""
		}
	},
	"compileType": "miniprogram",
	"simulatorType": "wechat",
	"simulatorPluginLibVersion": {},
	"libVersion": "2.9.2",
	"condition": {}
}